<?xml version="1.0" encoding="UTF-8"?>
<project xmlns="http://maven.apache.org/POM/4.0.0"
	xmlns:xsi="http://www.w3.org/2001/XMLSchema-instance"
	xsi:schemaLocation="http://maven.apache.org/POM/4.0.0 http://maven.apache.org/xsd/maven-4.0.0.xsd">
	<modelVersion>4.0.0</modelVersion>
	<parent>
		<groupId>org.springframework.boot</groupId>
		<artifactId>spring-boot-starter-parent</artifactId>
		<version>3.2.1</version>
		<relativePath />
	</parent>
	<groupId>com.stacksimplify</groupId>
	<artifactId>notification-microservice</artifactId>
	<version>3.0.0-AWS-XRay</version>
	<name>kube-notifications-microservice</name>
	<description>Notification Service</description>

	<properties>
		<java.version>17</java.version>
		<maven.test.skip>true</maven.test.skip>		
	</properties>



	<dependencies>
		<dependency>
			<groupId>org.springframework.boot</groupId>
			<artifactId>spring-boot-starter-web</artifactId>
		</dependency>
		<dependency>
			<groupId>org.springframework.boot</groupId>
			<artifactId>spring-boot-starter-data-jpa</artifactId>
		</dependency>
		<dependency>
			<groupId>mysql</groupId>
			<artifactId>mysql-connector-java</artifactId>
			<version>8.0.33</version>
		</dependency>
		<dependency>
			<groupId>org.apache.commons</groupId>
			<artifactId>commons-dbcp2</artifactId>
			<version>2.10.0</version>
		</dependency>

		<dependency>
			<groupId>commons-io</groupId>
			<artifactId>commons-io</artifactId>
			<version>2.15.1</version>
		</dependency>




		<dependency>
			<groupId>org.springframework.boot</groupId>
			<artifactId>spring-boot-starter-cache</artifactId>
		</dependency>

		<dependency>
			<groupId>com.vladsch.flexmark</groupId>
			<artifactId>flexmark-all</artifactId>
			<version>0.40.16</version>
		</dependency>
		<dependency>
			<groupId>com.github.jknack</groupId>
			<artifactId>handlebars</artifactId>
			<version>4.1.2</version>
		</dependency>


		<dependency>
			<groupId>org.json</groupId>
			<artifactId>json</artifactId>
			<version>20180813</version>
		</dependency>
		<dependency>
			<groupId>org.apache.commons</groupId>
			<artifactId>commons-text</artifactId>
			<version>1.1</version>
		</dependency>

		<dependency>
			<groupId>org.apache.poi</groupId>
			<artifactId>poi</artifactId>
			<version>3.15</version>
		</dependency>

		<dependency>
			<groupId>org.apache.poi</groupId>
			<artifactId>poi-ooxml-schemas</artifactId>
			<version>3.15</version>
		</dependency>

		<dependency>
			<groupId>org.apache.poi</groupId>
			<artifactId>poi-ooxml</artifactId>
			<version>3.15</version>
		</dependency>

		<dependency>
			<groupId>fr.opensagres.xdocreport</groupId>
			<artifactId>org.apache.poi.xwpf.converter.core</artifactId>
			<version>1.0.6</version>
		</dependency>

		<dependency>
			<groupId>fr.opensagres.xdocreport</groupId>
			<artifactId>org.apache.poi.xwpf.converter.pdf</artifactId>
			<version>1.0.6</version>
		</dependency>

		<dependency>
			<groupId>fr.opensagres.xdocreport</groupId>
			<artifactId>fr.opensagres.xdocreport.itext.extension</artifactId>
			<version>2.0.0</version>
		</dependency>

		<dependency>
			<groupId>com.itextpdf</groupId>
			<artifactId>itextpdf</artifactId>
			<version>5.5.13</version>
		</dependency>

		<dependency>
			<groupId>org.springframework</groupId>
			<artifactId>spring-context-support</artifactId>
		</dependency>

		<dependency>
			<groupId>javax.mail</groupId>
			<artifactId>javax.mail-api</artifactId>
			<version>1.6.2</version>
		</dependency>
		<dependency>
			<groupId>javax.mail</groupId>
			<artifactId>mail</artifactId>
			<version>1.4.7</version>
		</dependency>


		<dependency>
			<groupId>com.docusign</groupId>
			<artifactId>docusign-esign-java</artifactId>
			<version>2.9.0</version>
		</dependency>

		<dependency>
			<groupId>com.opencsv</groupId>
			<artifactId>opencsv</artifactId>
			<version>4.5</version>
		</dependency>

		<dependency>
			<groupId>org.springframework.boot</groupId>
			<artifactId>spring-boot-starter-actuator</artifactId>
		</dependency>

		<dependency>
			<groupId>io.springfox</groupId>
			<artifactId>springfox-swagger2</artifactId>
			<version>2.9.2</version>
		</dependency>
		<dependency>
			<groupId>io.springfox</groupId>
			<artifactId>springfox-swagger-ui</artifactId>
			<version>2.9.2</version>
		</dependency>

		<dependency>
			<groupId>org.springframework.boot</groupId>
			<artifactId>spring-boot-starter-test</artifactId>
			<scope>test</scope>
		</dependency>

		<dependency>
			<groupId>org.springframework.boot</groupId>
			<artifactId>spring-boot-devtools</artifactId>
			<optional>true</optional>
		</dependency>
		
		<!--  H2 Database -->
		<dependency>
			<groupId>com.h2database</groupId>
			<artifactId>h2</artifactId>
			<scope>runtime</scope>
		</dependency>	
		<!--  AWS X-Ray -->			
		<dependency>
    		<groupId>com.amazonaws</groupId>
    		<artifactId>aws-xray-recorder-sdk-spring</artifactId>
    		<version>2.6.1</version>
		</dependency>
		
		
		<dependency>
		   <groupId>com.sun.mail</groupId>
		    <artifactId>jakarta.mail</artifactId>
		    <version>2.0.1</version> <!-- Use the latest version compatible with your Spring Boot version -->
		</dependency>

		
		
	</dependencies>

           <build>
                <plugins>
                    <plugin>
                        <groupId>org.springframework.boot</groupId>
                        <artifactId>spring-boot-maven-plugin</artifactId>
                        <configuration>
                            <addResources>true</addResources>
                        </configuration>
                    </plugin>
					<!-- Docker Spotify Plugin -->
					<plugin>
						<groupId>com.spotify</groupId>
						<artifactId>dockerfile-maven-plugin</artifactId>
						<version>1.4.13</version>
						<executions>
							<execution>
								<id>default</id>
								<goals>
									<goal>build</goal>
								</goals>
							</execution>
						</executions>
						<configuration>
							<repository>stacksimplify/${project.name}</repository>
							<tag>${project.version}</tag>
							<skipDockerInfo>true</skipDockerInfo>
						</configuration>
					</plugin>	                    
                </plugins>
            </build>

</project>